<?xml version="1.0" encoding="UTF-8" standalone="no"?>
<?fileVersion 4.0.0?><cproject storage_type_id="org.eclipse.cdt.core.XmlProjectDescriptionStorage">
	<storageModule moduleId="org.eclipse.cdt.core.settings">
		<cconfiguration id="com.st.stm32cube.ide.mcu.gnu.managedbuild.config.exe.debug.93111499">
			<storageModule buildSystemId="org.eclipse.cdt.managedbuilder.core.configurationDataProvider" id="com.st.stm32cube.ide.mcu.gnu.managedbuild.config.exe.debug.93111499" moduleId="org.eclipse.cdt.core.settings" name="Debug">
				<externalSettings/>
				<extensions>
					<extension id="org.eclipse.cdt.core.ELF" point="org.eclipse.cdt.core.BinaryParser"/>
					<extension id="org.eclipse.cdt.core.GASErrorParser" point="org.eclipse.cdt.core.ErrorParser"/>
					<extension id="org.eclipse.cdt.core.GmakeErrorParser" point="org.eclipse.cdt.core.ErrorParser"/>
					<extension id="org.eclipse.cdt.core.CWDLocator" point="org.eclipse.cdt.core.ErrorParser"/>
					<extension id="org.eclipse.cdt.core.GCCErrorParser" point="org.eclipse.cdt.core.ErrorParser"/>
				</extensions>
			</storageModule>
			<storageModule moduleId="cdtBuildSystem" version="4.0.0">
				<configuration artifactExtension="elf" artifactName="${ProjName}" buildArtefactType="org.eclipse.cdt.build.core.buildArtefactType.exe" buildProperties="org.eclipse.cdt.build.core.buildArtefactType=org.eclipse.cdt.build.core.buildArtefactType.exe,org.eclipse.cdt.build.core.buildType=org.eclipse.cdt.build.core.buildType.debug" cleanCommand="rm -rf" description="" id="com.st.stm32cube.ide.mcu.gnu.managedbuild.config.exe.debug.93111499" name="Debug" parent="com.st.stm32cube.ide.mcu.gnu.managedbuild.config.exe.debug">
					<folderInfo id="com.st.stm32cube.ide.mcu.gnu.managedbuild.config.exe.debug.93111499." name="/" resourcePath="">
						<toolChain id="com.st.stm32cube.ide.mcu.gnu.managedbuild.toolchain.exe.debug.1151284721" name="MCU ARM GCC" superClass="com.st.stm32cube.ide.mcu.gnu.managedbuild.toolchain.exe.debug">
							<option id="com.st.stm32cube.ide.mcu.option.internal.toolchain.type.435714872" name="Internal Toolchain Type" superClass="com.st.stm32cube.ide.mcu.option.internal.toolchain.type" useByScannerDiscovery="false" value="com.st.stm32cube.ide.mcu.gnu.managedbuild.toolchain.base.gnu-tools-for-stm32" valueType="string"/>
							<option id="com.st.stm32cube.ide.mcu.option.internal.toolchain.version.850510737" name="Internal Toolchain Version" superClass="com.st.stm32cube.ide.mcu.option.internal.toolchain.version" useByScannerDiscovery="false" value="7-2018-q2-update" valueType="string"/>
							<option id="com.st.stm32cube.ide.mcu.gnu.managedbuild.option.target_mcu.492203420" name="Mcu" superClass="com.st.stm32cube.ide.mcu.gnu.managedbuild.option.target_mcu" useByScannerDiscovery="false" value="STM32F446RETx" valueType="string"/>
							<option id="com.st.stm32cube.ide.mcu.gnu.managedbuild.option.target_cpuid.292271659" name="CpuId" superClass="com.st.stm32cube.ide.mcu.gnu.managedbuild.option.target_cpuid" useByScannerDiscovery="false" value="0" valueType="string"/>
							<option id="com.st.stm32cube.ide.mcu.gnu.managedbuild.option.target_coreid.299193709" name="CpuCoreId" superClass="com.st.stm32cube.ide.mcu.gnu.managedbuild.option.target_coreid" useByScannerDiscovery="false" value="0" valueType="string"/>
							<option id="com.st.stm32cube.ide.mcu.gnu.managedbuild.option.fpu.1304179397" name="Floating-point unit" superClass="com.st.stm32cube.ide.mcu.gnu.managedbuild.option.fpu" useByScannerDiscovery="false" value="com.st.stm32cube.ide.mcu.gnu.managedbuild.option.fpu.value.fpv4-sp-d16" valueType="enumerated"/>
							<option id="com.st.stm32cube.ide.mcu.gnu.managedbuild.option.floatabi.1421499031" name="Floating-point ABI" superClass="com.st.stm32cube.ide.mcu.gnu.managedbuild.option.floatabi" useByScannerDiscovery="false" value="com.st.stm32cube.ide.mcu.gnu.managedbuild.option.floatabi.value.hard" valueType="enumerated"/>
							<option id="com.st.stm32cube.ide.mcu.gnu.managedbuild.option.target_board.1946668671" name="Board" superClass="com.st.stm32cube.ide.mcu.gnu.managedbuild.option.target_board" useByScannerDiscovery="false" value="genericBoard" valueType="string"/>
							<option id="com.st.stm32cube.ide.mcu.gnu.managedbuild.option.defaults.1290994179" name="Defaults" superClass="com.st.stm32cube.ide.mcu.gnu.managedbuild.option.defaults" useByScannerDiscovery="false" value="com.st.stm32cube.ide.common.services.build.inputs.revA.1.0.3 || Debug || true || Executable || com.st.stm32cube.ide.mcu.gnu.managedbuild.toolchain.base.gnu-tools-for-stm32 || STM32F446RETx || 0 || 0 || arm-none-eabi- || ${gnu_tools_for_stm32_compiler_path} || ../Drivers/CMSIS/Include | ../Drivers/STM32F4xx_HAL_Driver/Inc | ../Core/Inc | ../Drivers/CMSIS/Device/ST/STM32F4xx/Include | ../Drivers/STM32F4xx_HAL_Driver/Inc/Legacy ||  ||  || USE_HAL_DRIVER | STM32F446xx ||  || Drivers | Core/Startup | Core ||  ||  || ${workspace_loc:/${ProjName}/STM32F446RETX_FLASH.ld} || true || NonSecure ||  || secure_nsclib.o || " valueType="string"/>
							<option id="com.st.stm32cube.ide.mcu.gnu.managedbuild.option.nanoprintffloat.828360048" name="Use float with printf from newlib-nano (-u _printf_float)" superClass="com.st.stm32cube.ide.mcu.gnu.managedbuild.option.nanoprintffloat" useByScannerDiscovery="false" value="true" valueType="boolean"/>
							<targetPlatform archList="all" binaryParser="org.eclipse.cdt.core.ELF" id="com.st.stm32cube.ide.mcu.gnu.managedbuild.targetplatform.1661488047" isAbstract="false" osList="all" superClass="com.st.stm32cube.ide.mcu.gnu.managedbuild.targetplatform"/>
							<builder buildPath="${workspace_loc:/TUT_STM32F4_DHT11_22_DS18B20}/Debug" id="com.st.stm32cube.ide.mcu.gnu.managedbuild.builder.1354324932" keepEnvironmentInBuildfile="false" managedBuildOn="true" name="Gnu Make Builder" parallelBuildOn="true" parallelizationNumber="optimal" superClass="com.st.stm32cube.ide.mcu.gnu.managedbuild.builder"/>
							<tool id="com.st.stm32cube.ide.mcu.gnu.managedbuild.tool.assembler.1945749781" name="MCU GCC Assembler" superClass="com.st.stm32cube.ide.mcu.gnu.managedbuild.tool.assembler">
								<option id="com.st.stm32cube.ide.mcu.gnu.managedbuild.tool.assembler.option.debuglevel.371071372" name="Debug level" superClass="com.st.stm32cube.ide.mcu.gnu.managedbuild.tool.assembler.option.debuglevel" useByScannerDiscovery="false" value="com.st.stm32cube.ide.mcu.gnu.managedbuild.tool.assembler.option.debuglevel.value.g3" valueType="enumerated"/>
								<inputType id="com.st.stm32cube.ide.mcu.gnu.managedbuild.tool.assembler.input.1497234610" superClass="com.st.stm32cube.ide.mcu.gnu.managedbuild.tool.assembler.input"/>
							</tool>
							<tool id="com.st.stm32cube.ide.mcu.gnu.managedbuild.tool.c.compiler.165507095" name="MCU GCC Compiler" superClass="com.st.stm32cube.ide.mcu.gnu.managedbuild.tool.c.compiler">
								<option id="com.st.stm32cube.ide.mcu.gnu.managedbuild.tool.c.compiler.option.debuglevel.45971263" name="Debug level" superClass="com.st.stm32cube.ide.mcu.gnu.managedbuild.tool.c.compiler.option.debuglevel" useByScannerDiscovery="false" value="com.st.stm32cube.ide.mcu.gnu.managedbuild.tool.c.compiler.option.debuglevel.value.g3" valueType="enumerated"/>
								<option id="com.st.stm32cube.ide.mcu.gnu.managedbuild.tool.c.compiler.option.optimization.level.904039193" name="Optimization level" superClass="com.st.stm32cube.ide.mcu.gnu.managedbuild.tool.c.compiler.option.optimization.level" useByScannerDiscovery="false"/>
								<option IS_BUILTIN_EMPTY="false" IS_VALUE_EMPTY="false" id="com.st.stm32cube.ide.mcu.gnu.managedbuild.tool.c.compiler.option.definedsymbols.849031310" name="Define symbols (-D)" superClass="com.st.stm32cube.ide.mcu.gnu.managedbuild.tool.c.compiler.option.definedsymbols" useByScannerDiscovery="false" valueType="definedSymbols">
									<listOptionValue builtIn="false" value="USE_HAL_DRIVER"/>
									<listOptionValue builtIn="false" value="STM32F446xx"/>
									<listOptionValue builtIn="false" value="DEBUG"/>
								</option>
								<option IS_BUILTIN_EMPTY="false" IS_VALUE_EMPTY="false" id="com.st.stm32cube.ide.mcu.gnu.managedbuild.tool.c.compiler.option.includepaths.2057181482" name="Include paths (-I)" superClass="com.st.stm32cube.ide.mcu.gnu.managedbuild.tool.c.compiler.option.includepaths" useByScannerDiscovery="false" valueType="includePath">
									<listOptionValue builtIn="false" value="../Drivers/CMSIS/Include"/>
									<listOptionValue builtIn="false" value="../Drivers/STM32F4xx_HAL_Driver/Inc"/>
									<listOptionValue builtIn="false" value="../Core/Inc"/>
									<listOptionValue builtIn="false" value="../Drivers/CMSIS/Device/ST/STM32F4xx/Include"/>
									<listOptionValue builtIn="false" value="../Drivers/STM32F4xx_HAL_Driver/Inc/Legacy"/>
								</option>
								<inputType id="com.st.stm32cube.ide.mcu.gnu.managedbuild.tool.c.compiler.input.c.780035431" superClass="com.st.stm32cube.ide.mcu.gnu.managedbuild.tool.c.compiler.input.c"/>
							</tool>
							<tool id="com.st.stm32cube.ide.mcu.gnu.managedbuild.tool.cpp.compiler.217604035" name="MCU G++ Compiler" superClass="com.st.stm32cube.ide.mcu.gnu.managedbuild.tool.cpp.compiler">
								<option id="com.st.stm32cube.ide.mcu.gnu.managedbuild.tool.cpp.compiler.option.debuglevel.1139458745" name="Debug level" superClass="com.st.stm32cube.ide.mcu.gnu.managedbuild.tool.cpp.compiler.option.debuglevel" useByScannerDiscovery="false" value="com.st.stm32cube.ide.mcu.gnu.managedbuild.tool.cpp.compiler.option.debuglevel.value.g3" valueType="enumerated"/>
								<option id="com.st.stm32cube.ide.mcu.gnu.managedbuild.tool.cpp.compiler.option.optimization.level.1115496168" name="Optimization level" superClass="com.st.stm32cube.ide.mcu.gnu.managedbuild.tool.cpp.compiler.option.optimization.level" useByScannerDiscovery="false"/>
							</tool>
							<tool id="com.st.stm32cube.ide.mcu.gnu.managedbuild.tool.c.linker.151646409" name="MCU GCC Linker" superClass="com.st.stm32cube.ide.mcu.gnu.managedbuild.tool.c.linker">
								<option id="com.st.stm32cube.ide.mcu.gnu.managedbuild.tool.c.linker.option.script.1612837747" name="Linker Script (-T)" superClass="com.st.stm32cube.ide.mcu.gnu.managedbuild.tool.c.linker.option.script" useByScannerDiscovery="false" value="${workspace_loc:/${ProjName}/STM32F446RETX_FLASH.ld}" valueType="string"/>
								<inputType id="com.st.stm32cube.ide.mcu.gnu.managedbuild.tool.c.linker.input.1446165541" superClass="com.st.stm32cube.ide.mcu.gnu.managedbuild.tool.c.linker.input">
									<additionalInput kind="additionalinputdependency" paths="$(USER_OBJS)"/>
									<additionalInput kind="additionalinput" paths="$(LIBS)"/>
								</inputType>
							</tool>
							<tool id="com.st.stm32cube.ide.mcu.gnu.managedbuild.tool.cpp.linker.27667230" name="MCU G++ Linker" superClass="com.st.stm32cube.ide.mcu.gnu.managedbuild.tool.cpp.linker">
								<option id="com.st.stm32cube.ide.mcu.gnu.managedbuild.tool.cpp.linker.option.script.269263630" name="Linker Script (-T)" superClass="com.st.stm32cube.ide.mcu.gnu.managedbuild.tool.cpp.linker.option.script" value="${workspace_loc:/${ProjName}/STM32F446RETX_FLASH.ld}" valueType="string"/>
							</tool>
							<tool id="com.st.stm32cube.ide.mcu.gnu.managedbuild.tool.archiver.173257333" name="MCU GCC Archiver" superClass="com.st.stm32cube.ide.mcu.gnu.managedbuild.tool.archiver"/>
							<tool id="com.st.stm32cube.ide.mcu.gnu.managedbuild.tool.size.1270001193" name="MCU Size" superClass="com.st.stm32cube.ide.mcu.gnu.managedbuild.tool.size"/>
							<tool id="com.st.stm32cube.ide.mcu.gnu.managedbuild.tool.objdump.listfile.1823006647" name="MCU Output Converter list file" superClass="com.st.stm32cube.ide.mcu.gnu.managedbuild.tool.objdump.listfile"/>
							<tool id="com.st.stm32cube.ide.mcu.gnu.managedbuild.tool.objcopy.hex.1676496057" name="MCU Output Converter Hex" superClass="com.st.stm32cube.ide.mcu.gnu.managedbuild.tool.objcopy.hex"/>
							<tool id="com.st.stm32cube.ide.mcu.gnu.managedbuild.tool.objcopy.binary.1268438914" name="MCU Output Converter Binary" superClass="com.st.stm32cube.ide.mcu.gnu.managedbuild.tool.objcopy.binary"/>
							<tool id="com.st.stm32cube.ide.mcu.gnu.managedbuild.tool.objcopy.verilog.679331206" name="MCU Output Converter Verilog" superClass="com.st.stm32cube.ide.mcu.gnu.managedbuild.tool.objcopy.verilog"/>
							<tool id="com.st.stm32cube.ide.mcu.gnu.managedbuild.tool.objcopy.srec.13433337" name="MCU Output Converter Motorola S-rec" superClass="com.st.stm32cube.ide.mcu.gnu.managedbuild.tool.objcopy.srec"/>
							<tool id="com.st.stm32cube.ide.mcu.gnu.managedbuild.tool.objcopy.symbolsrec.691314378" name="MCU Output Converter Motorola S-rec with symbols" superClass="com.st.stm32cube.ide.mcu.gnu.managedbuild.tool.objcopy.symbolsrec"/>
						</toolChain>
					</folderInfo>
					<sourceEntries>
						<entry flags="VALUE_WORKSPACE_PATH|RESOLVED" kind="sourcePath" name="Core"/>
						<entry flags="VALUE_WORKSPACE_PATH|RESOLVED" kind="sourcePath" name="Drivers"/>
					</sourceEntries>
				</configuration>
			</storageModule>
			<storageModule moduleId="org.eclipse.cdt.core.externalSettings"/>
		</cconfiguration>
		<cconfiguration id="com.st.stm32cube.ide.mcu.gnu.managedbuild.config.exe.release.233510077">
			<storageModule buildSystemId="org.eclipse.cdt.managedbuilder.core.configurationDataProvider" id="com.st.stm32cube.ide.mcu.gnu.managedbuild.config.exe.release.233510077" moduleId="org.eclipse.cdt.core.settings" name="Release">
				<externalSettings/>
				<extensions>
					<extension id="org.eclipse.cdt.core.ELF" point="org.eclipse.cdt.core.BinaryParser"/>
					<extension id="org.eclipse.cdt.core.GASErrorParser" point="org.eclipse.cdt.core.ErrorParser"/>
					<extension id="org.eclipse.cdt.core.GmakeErrorParser" point="org.eclipse.cdt.core.ErrorParser"/>
					<extension id="org.eclipse.cdt.core.CWDLocator" point="org.eclipse.cdt.core.ErrorParser"/>
					<extension id="org.eclipse.cdt.core.GCCErrorParser" point="org.eclipse.cdt.core.ErrorParser"/>
				</extensions>
			</storageModule>
			<storageModule moduleId="cdtBuildSystem" version="4.0.0">
				<configuration artifactExtension="elf" artifactName="${ProjName}" buildArtefactType="org.eclipse.cdt.build.core.buildArtefactType.exe" buildProperties="org.eclipse.cdt.build.core.buildArtefactType=org.eclipse.cdt.build.core.buildArtefactType.exe,org.eclipse.cdt.build.core.buildType=org.eclipse.cdt.build.core.buildType.release" cleanCommand="rm -rf" description="" id="com.st.stm32cube.ide.mcu.gnu.managedbuild.config.exe.release.233510077" name="Release" parent="com.st.stm32cube.ide.mcu.gnu.managedbuild.config.exe.release">
					<folderInfo id="com.st.stm32cube.ide.mcu.gnu.managedbuild.config.exe.release.233510077." name="/" resourcePath="">
						<toolChain id="com.st.stm32cube.ide.mcu.gnu.managedbuild.toolchain.exe.release.1016556096" name="MCU ARM GCC" superClass="com.st.stm32cube.ide.mcu.gnu.managedbuild.toolchain.exe.release">
							<option id="com.st.stm32cube.ide.mcu.option.internal.toolchain.type.1524475853" name="Internal Toolchain Type" superClass="com.st.stm32cube.ide.mcu.option.internal.toolchain.type" value="com.st.stm32cube.ide.mcu.gnu.managedbuild.toolchain.base.gnu-tools-for-stm32" valueType="string"/>
							<option id="com.st.stm32cube.ide.mcu.option.internal.toolchain.version.1541686859" name="Internal Toolchain Version" superClass="com.st.stm32cube.ide.mcu.option.internal.toolchain.version" value="7-2018-q2-update" valueType="string"/>
							<option id="com.st.stm32cube.ide.mcu.gnu.managedbuild.option.target_mcu.1683070699" name="Mcu" superClass="com.st.stm32cube.ide.mcu.gnu.managedbuild.option.target_mcu" value="STM32F446RETx" valueType="string"/>
							<option id="com.st.stm32cube.ide.mcu.gnu.managedbuild.option.target_cpuid.1126708052" name="CpuId" superClass="com.st.stm32cube.ide.mcu.gnu.managedbuild.option.target_cpuid" value="0" valueType="string"/>
							<option id="com.st.stm32cube.ide.mcu.gnu.managedbuild.option.target_coreid.1837900479" name="CpuCoreId" superClass="com.st.stm32cube.ide.mcu.gnu.managedbuild.option.target_coreid" value="0" valueType="string"/>
							<option id="com.st.stm32cube.ide.mcu.gnu.managedbuild.option.fpu.2023675757" name="Floating-point unit" superClass="com.st.stm32cube.ide.mcu.gnu.managedbuild.option.fpu" value="com.st.stm32cube.ide.mcu.gnu.managedbuild.option.fpu.value.fpv4-sp-d16" valueType="enumerated"/>
							<option id="com.st.stm32cube.ide.mcu.gnu.managedbuild.option.floatabi.598945308" name="Floating-point ABI" superClass="com.st.stm32cube.ide.mcu.gnu.managedbuild.option.floatabi" value="com.st.stm32cube.ide.mcu.gnu.managedbuild.option.floatabi.value.hard" valueType="enumerated"/>
							<option id="com.st.stm32cube.ide.mcu.gnu.managedbuild.option.target_board.1618824710" name="Board" superClass="com.st.stm32cube.ide.mcu.gnu.managedbuild.option.target_board" value="genericBoard" valueType="string"/>
							<option id="com.st.stm32cube.ide.mcu.gnu.managedbuild.option.defaults.1544759708" name="Defaults" superClass="com.st.stm32cube.ide.mcu.gnu.managedbuild.option.defaults" value="com.st.stm32cube.ide.common.services.build.inputs.revA.1.0.3 || Release || false || Executable || com.st.stm32cube.ide.mcu.gnu.managedbuild.toolchain.base.gnu-tools-for-stm32 || STM32F446RETx || 0 || 0 || arm-none-eabi- || ${gnu_tools_for_stm32_compiler_path} || ../Drivers/CMSIS/Include | ../Drivers/STM32F4xx_HAL_Driver/Inc | ../Core/Inc | ../Drivers/CMSIS/Device/ST/STM32F4xx/Include | ../Drivers/STM32F4xx_HAL_Driver/Inc/Legacy ||  ||  || USE_HAL_DRIVER | STM32F446xx ||  || Drivers | Core/Startup | Core ||  ||  || ${workspace_loc:/${ProjName}/STM32F446RETX_FLASH.ld} || true || NonSecure ||  || secure_nsclib.o || " valueType="string"/>
							<targetPlatform archList="all" binaryParser="org.eclipse.cdt.core.ELF" id="com.st.stm32cube.ide.mcu.gnu.managedbuild.targetplatform.123149159" isAbstract="false" osList="all" superClass="com.st.stm32cube.ide.mcu.gnu.managedbuild.targetplatform"/>
							<builder buildPath="${workspace_loc:/TUT_STM32F4_DHT11_22_DS18B20}/Release" id="com.st.stm32cube.ide.mcu.gnu.managedbuild.builder.994880883" keepEnvironmentInBuildfile="false" managedBuildOn="true" name="Gnu Make Builder" parallelBuildOn="true" parallelizationNumber="optimal" superClass="com.st.stm32cube.ide.mcu.gnu.managedbuild.builder"/>
							<tool id="com.st.stm32cube.ide.mcu.gnu.managedbuild.tool.assembler.1740565932" name="MCU GCC Assembler" superClass="com.st.stm32cube.ide.mcu.gnu.managedbuild.tool.assembler">
								<option id="com.st.stm32cube.ide.mcu.gnu.managedbuild.tool.assembler.option.debuglevel.781621021" name="Debug level" superClass="com.st.stm32cube.ide.mcu.gnu.managedbuild.tool.assembler.option.debuglevel" value="com.st.stm32cube.ide.mcu.gnu.managedbuild.tool.assembler.option.debuglevel.value.g0" valueType="enumerated"/>
								<inputType id="com.st.stm32cube.ide.mcu.gnu.managedbuild.tool.assembler.input.2043176348" superClass="com.st.stm32cube.ide.mcu.gnu.managedbuild.tool.assembler.input"/>
							</tool>
							<tool id="com.st.stm32cube.ide.mcu.gnu.managedbuild.tool.c.compiler.5023710" name="MCU GCC Compiler" superClass="com.st.stm32cube.ide.mcu.gnu.managedbuild.tool.c.compiler">
								<option id="com.st.stm32cube.ide.mcu.gnu.managedbuild.tool.c.compiler.option.debuglevel.1267626479" name="Debug level" superClass="com.st.stm32cube.ide.mcu.gnu.managedbuild.tool.c.compiler.option.debuglevel" useByScannerDiscovery="false" value="com.st.stm32cube.ide.mcu.gnu.managedbuild.tool.c.compiler.option.debuglevel.value.g0" valueType="enumerated"/>
								<option id="com.st.stm32cube.ide.mcu.gnu.managedbuild.tool.c.compiler.option.optimization.level.1938530414" name="Optimization level" superClass="com.st.stm32cube.ide.mcu.gnu.managedbuild.tool.c.compiler.option.optimization.level" useByScannerDiscovery="false" value="com.st.stm32cube.ide.mcu.gnu.managedbuild.tool.c.compiler.option.optimization.level.value.os" valueType="enumerated"/>
								<option IS_BUILTIN_EMPTY="false" IS_VALUE_EMPTY="false" id="com.st.stm32cube.ide.mcu.gnu.managedbuild.tool.c.compiler.option.definedsymbols.556113513" name="Define symbols (-D)" superClass="com.st.stm32cube.ide.mcu.gnu.managedbuild.tool.c.compiler.option.definedsymbols" useByScannerDiscovery="false" valueType="definedSymbols">
									<listOptionValue builtIn="false" value="USE_HAL_DRIVER"/>
									<listOptionValue builtIn="false" value="STM32F446xx"/>
								</option>
								<option IS_BUILTIN_EMPTY="false" IS_VALUE_EMPTY="false" id="com.st.stm32cube.ide.mcu.gnu.managedbuild.tool.c.compiler.option.includepaths.1859108446" name="Include paths (-I)" superClass="com.st.stm32cube.ide.mcu.gnu.managedbuild.tool.c.compiler.option.includepaths" useByScannerDiscovery="false" valueType="includePath">
									<listOptionValue builtIn="false" value="../Drivers/CMSIS/Include"/>
									<listOptionValue builtIn="false" value="../Drivers/STM32F4xx_HAL_Driver/Inc"/>
									<listOptionValue builtIn="false" value="../Core/Inc"/>
									<listOptionValue builtIn="false" value="../Drivers/CMSIS/Device/ST/STM32F4xx/Include"/>
									<listOptionValue builtIn="false" value="../Drivers/STM32F4xx_HAL_Driver/Inc/Legacy"/>
								</option>
								<inputType id="com.st.stm32cube.ide.mcu.gnu.managedbuild.tool.c.compiler.input.c.1609736275" superClass="com.st.stm32cube.ide.mcu.gnu.managedbuild.tool.c.compiler.input.c"/>
							</tool>
							<tool id="com.st.stm32cube.ide.mcu.gnu.managedbuild.tool.cpp.compiler.949502692" name="MCU G++ Compiler" superClass="com.st.stm32cube.ide.mcu.gnu.managedbuild.tool.cpp.compiler">
								<option id="com.st.stm32cube.ide.mcu.gnu.managedbuild.tool.cpp.compiler.option.debuglevel.345188594" name="Debug level" superClass="com.st.stm32cube.ide.mcu.gnu.managedbuild.tool.cpp.compiler.option.debuglevel" useByScannerDiscovery="false" value="com.st.stm32cube.ide.mcu.gnu.managedbuild.tool.cpp.compiler.option.debuglevel.value.g0" valueType="enumerated"/>
								<option id="com.st.stm32cube.ide.mcu.gnu.managedbuild.tool.cpp.compiler.option.optimization.level.1340062970" name="Optimization level" superClass="com.st.stm32cube.ide.mcu.gnu.managedbuild.tool.cpp.compiler.option.optimization.level" useByScannerDiscovery="false" value="com.st.stm32cube.ide.mcu.gnu.managedbuild.tool.cpp.compiler.option.optimization.level.value.os" valueType="enumerated"/>
							</tool>
							<tool id="com.st.stm32cube.ide.mcu.gnu.managedbuild.tool.c.linker.1563298270" name="MCU GCC Linker" superClass="com.st.stm32cube.ide.mcu.gnu.managedbuild.tool.c.linker">
								<option id="com.st.stm32cube.ide.mcu.gnu.managedbuild.tool.c.linker.option.script.666026428" name="Linker Script (-T)" superClass="com.st.stm32cube.ide.mcu.gnu.managedbuild.tool.c.linker.option.script" value="${workspace_loc:/${ProjName}/STM32F446RETX_FLASH.ld}" valueType="string"/>
								<inputType id="com.st.stm32cube.ide.mcu.gnu.managedbuild.tool.c.linker.input.1316636279" superClass="com.st.stm32cube.ide.mcu.gnu.managedbuild.tool.c.linker.input">
									<additionalInput kind="additionalinputdependency" paths="$(USER_OBJS)"/>
									<additionalInput kind="additionalinput" paths="$(LIBS)"/>
								</inputType>
							</tool>
							<tool id="com.st.stm32cube.ide.mcu.gnu.managedbuild.tool.cpp.linker.335453094" name="MCU G++ Linker" superClass="com.st.stm32cube.ide.mcu.gnu.managedbuild.tool.cpp.linker">
								<option id="com.st.stm32cube.ide.mcu.gnu.managedbuild.tool.cpp.linker.option.script.297722064" name="Linker Script (-T)" superClass="com.st.stm32cube.ide.mcu.gnu.managedbuild.tool.cpp.linker.option.script" value="${workspace_loc:/${ProjName}/STM32F446RETX_FLASH.ld}" valueType="string"/>
							</tool>
							<tool id="com.st.stm32cube.ide.mcu.gnu.managedbuild.tool.archiver.1324283801" name="MCU GCC Archiver" superClass="com.st.stm32cube.ide.mcu.gnu.managedbuild.tool.archiver"/>
							<tool id="com.st.stm32cube.ide.mcu.gnu.managedbuild.tool.size.2085810826" name="MCU Size" superClass="com.st.stm32cube.ide.mcu.gnu.managedbuild.tool.size"/>
							<tool id="com.st.stm32cube.ide.mcu.gnu.managedbuild.tool.objdump.listfile.1010999271" name="MCU Output Converter list file" superClass="com.st.stm32cube.ide.mcu.gnu.managedbuild.tool.objdump.listfile"/>
							<tool id="com.st.stm32cube.ide.mcu.gnu.managedbuild.tool.objcopy.hex.774803663" name="MCU Output Converter Hex" superClass="com.st.stm32cube.ide.mcu.gnu.managedbuild.tool.objcopy.hex"/>
							<tool id="com.st.stm32cube.ide.mcu.gnu.managedbuild.tool.objcopy.binary.1138232745" name="MCU Output Converter Binary" superClass="com.st.stm32cube.ide.mcu.gnu.managedbuild.tool.objcopy.binary"/>
							<tool id="com.st.stm32cube.ide.mcu.gnu.managedbuild.tool.objcopy.verilog.1533252917" name="MCU Output Converter Verilog" superClass="com.st.stm32cube.ide.mcu.gnu.managedbuild.tool.objcopy.verilog"/>
							<tool id="com.st.stm32cube.ide.mcu.gnu.managedbuild.tool.objcopy.srec.513018561" name="MCU Output Converter Motorola S-rec" superClass="com.st.stm32cube.ide.mcu.gnu.managedbuild.tool.objcopy.srec"/>
							<tool id="com.st.stm32cube.ide.mcu.gnu.managedbuild.tool.objcopy.symbolsrec.333889905" name="MCU Output Converter Motorola S-rec with symbols" superClass="com.st.stm32cube.ide.mcu.gnu.managedbuild.tool.objcopy.symbolsrec"/>
						</toolChain>
					</folderInfo>
					<sourceEntries>
						<entry flags="VALUE_WORKSPACE_PATH|RESOLVED" kind="sourcePath" name="Core"/>
						<entry flags="VALUE_WORKSPACE_PATH|RESOLVED" kind="sourcePath" name="Drivers"/>
					</sourceEntries>
				</configuration>
			</storageModule>
			<storageModule moduleId="org.eclipse.cdt.core.externalSettings"/>
		</cconfiguration>
	</storageModule>
	<storageModule moduleId="cdtBuildSystem" version="4.0.0">
		<project id="TUT_STM32F4_DHT11_22_DS18B20.null.1265177959" name="TUT_STM32F4_DHT11_22_DS18B20"/>
	</storageModule>
	<storageModule moduleId="org.eclipse.cdt.make.core.buildtargets"/>
	<storageModule moduleId="org.eclipse.cdt.core.LanguageSettingsProviders"/>
	<storageModule moduleId="scannerConfiguration">
		<autodiscovery enabled="true" problemReportingEnabled="true" selectedProfileId=""/>
		<scannerConfigBuildInfo instanceId="com.st.stm32cube.ide.mcu.gnu.managedbuild.config.exe.release.233510077;com.st.stm32cube.ide.mcu.gnu.managedbuild.config.exe.release.233510077.;com.st.stm32cube.ide.mcu.gnu.managedbuild.tool.c.compiler.5023710;com.st.stm32cube.ide.mcu.gnu.managedbuild.tool.c.compiler.input.c.1609736275">
			<autodiscovery enabled="false" problemReportingEnabled="true" selectedProfileId=""/>
		</scannerConfigBuildInfo>
		<scannerConfigBuildInfo instanceId="com.st.stm32cube.ide.mcu.gnu.managedbuild.config.exe.debug.93111499;com.st.stm32cube.ide.mcu.gnu.managedbuild.config.exe.debug.93111499.;com.st.stm32cube.ide.mcu.gnu.managedbuild.tool.c.compiler.165507095;com.st.stm32cube.ide.mcu.gnu.managedbuild.tool.c.compiler.input.c.780035431">
			<autodiscovery enabled="false" problemReportingEnabled="true" selectedProfileId=""/>
		</scannerConfigBuildInfo>
	</storageModule>
	<storageModule moduleId="refreshScope" versionNumber="2">
		<configuration configurationName="Debug">
			<resource resourceType="PROJECT" workspacePath="/TUT_STM32F4_DHT11_22_DS18B20"/>
		</configuration>
		<configuration configurationName="Release">
			<resource resourceType="PROJECT" workspacePath="/TUT_STM32F4_DHT11_22_DS18B20"/>
		</configuration>
	</storageModule>
</cproject>
