<?xml version="1.0" encoding="UTF-8"?>
<projectDescription>
	<name>TUT_STM32F4_DHT11_22_DS18B20</name>
	<comment></comment>
	<projects>
	</projects>
	<buildSpec>
		<buildCommand>
			<name>org.eclipse.cdt.managedbuilder.core.genmakebuilder</name>
			<triggers>clean,full,incremental,</triggers>
			<arguments>
			</arguments>
		</buildCommand>
		<buildCommand>
			<name>org.eclipse.cdt.managedbuilder.core.ScannerConfigBuilder</name>
			<triggers>full,incremental,</triggers>
			<arguments>
			</arguments>
		</buildCommand>
	</buildSpec>
	<natures>
		<nature>com.st.stm32cube.ide.mcu.MCUProjectNature</nature>
		<nature>com.st.stm32cube.ide.mcu.MCUCubeProjectNature</nature>
		<nature>org.eclipse.cdt.core.cnature</nature>
		<nature>com.st.stm32cube.ide.mcu.MCUCubeIdeServicesRevAProjectNature</nature>
		<nature>com.st.stm32cube.ide.mcu.MCUAdvancedStructureProjectNature</nature>
		<nature>com.st.stm32cube.ide.mcu.MCUEndUserDisabledTrustZoneProjectNature</nature>
		<nature>com.st.stm32cube.ide.mcu.MCUSingleCpuProjectNature</nature>
		<nature>com.st.stm32cube.ide.mcu.MCURootProjectNature</nature>
		<nature>org.eclipse.cdt.managedbuilder.core.managedBuildNature</nature>
		<nature>org.eclipse.cdt.managedbuilder.core.ScannerConfigNature</nature>
	</natures>
</projectDescription>
